{
    "counter": {
        "ACTIVE": 251,
        "INACTIVE": 1,
        "INVALID": 0,
        "MALICIOUS": 0,
        "SANE": 0,
        "VALID": 0,
        "total": 252
    },
    "percentage": {
        "ACTIVE": 99.60317460317461,
        "INACTIVE": 2.9411764705882355,
        "INVALID": 0,
        "MALICIOUS": 0,
        "SANE": 0,
        "VALID": 0,
        "total": 102.54435107376284
    }
}