{
    "counter": {
        "ACTIVE": 982,
        "INACTIVE": 26,
        "INVALID": 0,
        "MALICIOUS": 0,
        "SANE": 0,
        "VALID": 0,
        "total": 1008
    },
    "percentage": {
        "ACTIVE": 97.90628115653041,
        "INACTIVE": 2.5793650793650795,
        "INVALID": 0,
        "MALICIOUS": 0,
        "SANE": 0,
        "VALID": 0,
        "total": 100.48564623589549
    }
}