{
    "counter": {
        "ACTIVE": 130,
        "INACTIVE": 10,
        "INVALID": 0,
        "MALICIOUS": 0,
        "SANE": 0,
        "VALID": 0,
        "total": 140
    },
    "percentage": {
        "ACTIVE": 92.85714285714286,
        "INACTIVE": 7.352941176470588,
        "INVALID": 0,
        "MALICIOUS": 0,
        "SANE": 0,
        "VALID": 0,
        "total": 100.21008403361346
    }
}