{
    "counter": {
        "ACTIVE": 912,
        "INACTIVE": 56,
        "INVALID": 0,
        "MALICIOUS": 0,
        "SANE": 0,
        "VALID": 0,
        "total": 968
    },
    "percentage": {
        "ACTIVE": 94.21487603305785,
        "INACTIVE": 5.803108808290156,
        "INVALID": 0,
        "MALICIOUS": 0,
        "SANE": 0,
        "VALID": 0,
        "total": 100.01798484134801
    }
}