{
    "counter": {
        "ACTIVE": 223,
        "INACTIVE": 24,
        "INVALID": 0,
        "MALICIOUS": 0,
        "SANE": 0,
        "VALID": 0,
        "total": 247
    },
    "percentage": {
        "ACTIVE": 90.65040650406505,
        "INACTIVE": 9.7165991902834,
        "INVALID": 0,
        "MALICIOUS": 0,
        "SANE": 0,
        "VALID": 0,
        "total": 100.36700569434845
    }
}