{
    "counter": {
        "ACTIVE": 346,
        "INACTIVE": 33,
        "INVALID": 0,
        "MALICIOUS": 0,
        "SANE": 0,
        "VALID": 0,
        "total": 379
    },
    "percentage": {
        "ACTIVE": 91.53439153439153,
        "INACTIVE": 8.70712401055409,
        "INVALID": 0,
        "MALICIOUS": 0,
        "SANE": 0,
        "VALID": 0,
        "total": 100.24151554494563
    }
}