{
    "counter": {
        "ACTIVE": 2021,
        "INACTIVE": 3,
        "INVALID": 0,
        "MALICIOUS": 0,
        "SANE": 0,
        "VALID": 0,
        "total": 2024
    },
    "percentage": {
        "ACTIVE": 99.85177865612648,
        "INACTIVE": 0.16393442622950818,
        "INVALID": 0,
        "MALICIOUS": 0,
        "SANE": 0,
        "VALID": 0,
        "total": 100.01571308235599
    }
}