{
    "counter": {
        "ACTIVE": 1193,
        "INACTIVE": 2,
        "INVALID": 0,
        "MALICIOUS": 0,
        "SANE": 0,
        "VALID": 0,
        "total": 1195
    },
    "percentage": {
        "ACTIVE": 99.8326359832636,
        "INACTIVE": 0.6410256410256411,
        "INVALID": 0,
        "MALICIOUS": 0,
        "SANE": 0,
        "VALID": 0,
        "total": 100.47366162428924
    }
}