{
    "counter": {
        "ACTIVE": 1195,
        "INACTIVE": 56,
        "INVALID": 0,
        "MALICIOUS": 0,
        "SANE": 0,
        "VALID": 0,
        "total": 1251
    },
    "percentage": {
        "ACTIVE": 95.52358113509193,
        "INACTIVE": 5.803108808290156,
        "INVALID": 0,
        "MALICIOUS": 0,
        "SANE": 0,
        "VALID": 0,
        "total": 101.32668994338209
    }
}