{
    "counter": {
        "ACTIVE": 1008,
        "INACTIVE": 35,
        "INVALID": 0,
        "MALICIOUS": 0,
        "SANE": 0,
        "VALID": 0,
        "total": 1043
    },
    "percentage": {
        "ACTIVE": 96.64429530201342,
        "INACTIVE": 3.3751205400192865,
        "INVALID": 0,
        "MALICIOUS": 0,
        "SANE": 0,
        "VALID": 0,
        "total": 100.0194158420327
    }
}