{
    "counter": {
        "ACTIVE": 2024,
        "INACTIVE": 1,
        "INVALID": 0,
        "MALICIOUS": 0,
        "SANE": 0,
        "VALID": 0,
        "total": 2025
    },
    "percentage": {
        "ACTIVE": 99.95061728395062,
        "INACTIVE": 0.05356186395286556,
        "INVALID": 0,
        "MALICIOUS": 0,
        "SANE": 0,
        "VALID": 0,
        "total": 100.00417914790349
    }
}